Workbook

Sheet GS_pc
A1: Año | B1: Total 2024 | C1: Total OSEP 2024 | D1: Total Provincial 2024 | E1: TS 2024 | F1: TS OSEP 2024 | G1: TS Provincial 2024 | H1: Afiliados total | I1: Afiliados OSEP | J1: Afiliados Público Provincial | K1: PC_provincial | L1: PC_OSEP | M1: PC_total | N1: GS_LAC | O1: Proporcion
A2: 2014 | B2: =SUM(C2:D2) -> 8.1095141e+11 | C2: 2.8849365e+11 | D2: 5.2245776e+11 | E2: =SUM(F2:G2) -> 5.5932443e+11 | F2: 1.1405827e+11 | G2: 4.4526616e+11 | H2: 1063200.3 | I2: 297067.3 | J2: 766133 | K2: =D2/J2 -> 681941.34 | L2: =C2/I2 -> 971139.04 | M2: =B2/H2 -> 762745.66 | N2: 7.448829 | O2: =H2/Poblacion!B2 -> 0.57050038
A3: 2015 | B3: =SUM(C3:D3) -> 9.0309193e+11 | C3: 3.2261724e+11 | D3: 5.8047469e+11 | E3: =SUM(F3:G3) -> 6.1619184e+11 | F3: 1.2230599e+11 | G3: 4.9388584e+11 | H3: 1068440 | I3: 293322 | J3: 775118 | K3: =D3/J3 -> 748885.57 | L3: =C3/I3 -> 1099874 | M3: =B3/H3 -> 845243.47 | N3: 7.8076105 | O3: =H3/Poblacion!B3 -> 0.56666618
A4: 2016 | B4: =SUM(C4:D4) -> 8.7164195e+11 | C4: 3.3384906e+11 | D4: 5.3779289e+11 | E4: =SUM(F4:G4) -> 5.5313589e+11 | F4: 1.0979804e+11 | G4: 4.4333785e+11 | H4: 1025611 | I4: 296511 | J4: 729100 | K4: =D4/J4 -> 737611.98 | L4: =C4/I4 -> 1125924.7 | M4: =B4/H4 -> 849875.78 | N4: 7.8638934 | O4: =H4/Poblacion!B4 -> 0.53776109
A5: 2017 | B5: =SUM(C5:D5) -> 1.0390812e+12 | C5: 3.544432e+11 | D5: 6.8463798e+11 | E5: =SUM(F5:G5) -> 6.6085811e+11 | F5: 1.1454484e+11 | G5: 5.4631328e+11 | H5: 1047545 | I5: 303501 | J5: 744044 | K5: =D5/J5 -> 920157.93 | L5: =C5/I5 -> 1167848.5 | M5: =B5/H5 -> 991920.33 | N5: 8.0292621 | O5: =H5/Poblacion!B5 -> 0.54311383
A6: 2018 | B6: =SUM(C6:D6) -> 9.3985337e+11 | C6: 3.054679e+11 | D6: 6.3438547e+11 | E6: =SUM(F6:G6) -> 5.9781439e+11 | F6: 1.0718143e+11 | G6: 4.9063295e+11 | H6: 1110331 | I6: 313459 | J6: 796872 | K6: =D6/J6 -> 796094.57 | L6: =C6/I6 -> 974506.72 | M6: =B6/H6 -> 846462.34 | N6: 7.8604889 | O6: =H6/Poblacion!B6 -> 0.56933168
A7: 2019 | B7: =SUM(C7:D7) -> 9.1459125e+11 | C7: 2.8276203e+11 | D7: 6.3182922e+11 | E7: =SUM(F7:G7) -> 6.1244768e+11 | F7: 1.0957605e+11 | G7: 5.0287163e+11 | H7: 1135810 | I7: 317041 | J7: 818769 | K7: =D7/J7 -> 771681.9 | L7: =C7/I7 -> 891878.44 | M7: =B7/H7 -> 805232.61 | N7: 7.8739367 | O7: =H7/Poblacion!B7 -> 0.57615072
A8: 2020 | B8: =SUM(C8:D8) -> 9.0469858e+11 | C8: 2.9608705e+11 | D8: 6.0861153e+11 | E8: =SUM(F8:G8) -> 5.7768939e+11 | F8: 1.0253959e+11 | G8: 4.751498e+11 | H8: 1101550 | I8: 273354 | J8: 828196 | K8: =D8/J8 -> 734864.13 | L8: =C8/I8 -> 1083163.4 | M8: =B8/H8 -> 821295.98 | N8: 8.3110576 | O8: =H8/Poblacion!B8 -> 0.55307804
A9: 2021 | B9: =SUM(C9:D9) -> 8.6868383e+11 | C9: 2.8088112e+11 | D9: 5.8780271e+11 | E9: =SUM(F9:G9) -> 5.4111802e+11 | F9: 9.604973e+10 | G9: 4.4506829e+11 | H9: 1123684 | I9: 297683 | J9: 826001 | K9: =D9/J9 -> 711624.7 | L9: =C9/I9 -> 943557.8 | M9: =B9/H9 -> 773067.72 | N9: 8.2624147 | O9: =H9/Poblacion!B9 -> 0.55901446
A10: 2022 | B10: =SUM(C10:D10) -> 7.8329969e+11 | C10: 2.3626447e+11 | D10: 5.4703523e+11 | E10: =SUM(F10:G10) -> 5.0111791e+11 | F10: 8.4654427e+10 | G10: 4.1646348e+11 | H10: 1123595 | I10: 296851 | J10: 826744 | K10: =D10/J10 -> 661674.26 | L10: =C10/I10 -> 795902.54 | M10: =B10/H10 -> 697137.04 | N10: 7.9047508 | O10: =H10/Poblacion!B10 -> 0.55478162
A11: 2023 | B11: =SUM(C11:D11) -> 8.0673466e+11 | C11: 2.3813921e+11 | D11: 5.6859545e+11 | E11: =SUM(F11:G11) -> 5.2057652e+11 | F11: 7.9467003e+10 | G11: 4.4110951e+11 | H11: 1188965 | I11: 291166 | J11: 897799 | K11: =D11/J11 -> 633321.54 | L11: =C11/I11 -> 817881.24 | M11: =B11/H11 -> 678518.42 | N11: 7.9098763 | O11: =H11/Poblacion!B11 -> 0.58392377
A12: 2024 | B12: =SUM(C12:D12) -> 7.5467008e+11 | C12: 2.1603047e+11 | D12: 5.3863962e+11 | E12: =SUM(F12:G12) -> 4.9275872e+11 | F12: 8.1037724e+10 | G12: 4.1172099e+11 | H12: 1170602 | I12: 287785 | J12: 882817 | K12: =D12/J12 -> 610137.34 | L12: =C12/I12 -> 750666.18 | M12: =B12/H12 -> 644685.46 | N12: =N11*N11/N10 -> 7.9150051 | O12: =H12/Poblacion!B12 -> 0.57283983

Sheet Afil_grupoedad
A1: Año | B1: grupo_edad | C1: proporcion_grupo | D1: pobltotal_grupo | E1: afiliados_totalgrupo
A2: 2016 | B2: 0-14 | C2: 52.401321 | D2: 483890.38 | E2: =D2*C2/100 -> 253564.95
A3: 2016 | B3: 15-64 | C3: 59.836614 | D3: 1209711.1 | E3: =D3*C3/100 -> 723850.13
A4: 2016 | B4: 65+ | C4: 97.267733 | D4: 213811.89 | E4: =D4*C4/100 -> 207969.98
A5: 2017 | B5: 0-14 | C5: 52.741928 | D5: 487784.02 | E5: =D5*C5/100 -> 257266.7
A6: 2017 | B6: 15-64 | C6: 59.093999 | D6: 1221747.7 | E6: =D6*C6/100 -> 721979.55
A7: 2017 | B7: 65+ | C7: 97.846973 | D7: 219655.3 | E7: =D7*C7/100 -> 214926.06
A8: 2018 | B8: 0-14 | C8: 48.8532 | D8: 491118.75 | E8: =D8*C8/100 -> 239927.23
A9: 2018 | B9: 15-64 | C9: 57.27244 | D9: 1234235.8 | E9: =D9*C9/100 -> 706876.97
A10: 2018 | B10: 65+ | C10: 96.714811 | D10: 225387.75 | E10: =D10*C10/100 -> 217983.34
A11: 2019 | B11: 0-14 | C11: 46.948472 | D11: 492737.05 | E11: =D11*C11/100 -> 231332.52
A12: 2019 | B12: 15-64 | C12: 56.88912 | D12: 1248136.7 | E12: =D12*C12/100 -> 710053.97
A13: 2019 | B13: 65+ | C13: 97.349346 | D13: 230787.58 | E13: =D13*C13/100 -> 224670.2
... A28: 2024 | B28: 65+ | C28: 97.244435 | D28: 249889.7 | E28: =D28*C28/100 -> 243003.82

Sheet Mortalidad
A1: Año | B1: Fallecidos OSEP | C1: Total defunciones | D1: Proporción defunciones OSEP | E1: Factor afiliados publico/osep | F1: Fallecidos Publico | G1: Muertes osep y publico | H1: prop_ajuste
A2: 2014 | B2: =C2*D2 -> 2274.3244 | C2: 13196 | D2: =D4 -> 0.17234953 | E2: =GS_pc!J2/GS_pc!I2 -> 2.578988 | F2: =E2*B2 -> 5865.4553 | G2: =F2+B2 -> 8139.7797 | H2: =G2/C2 -> 0.6168369
A3: 2015 | B3: =C3*D3 -> 2372.9083 | C3: 13768 | D3: =D4 -> 0.17234953 | E3: =GS_pc!J3/GS_pc!I3 -> 2.6425498 | F3: =E3*B3 -> 6270.5285 | G3: =F3+B3 -> 8643.4369 | H3: =G3/C3 -> 0.62779175
A4: 2016 | B4: 2497 | C4: 14488 | D4: =B4/C4 -> 0.17234953 | E4: =GS_pc!J4/GS_pc!I4 -> 2.4589307 | F4: =E4*B4 -> 6139.95 | G4: =F4+B4 -> 8636.95 | H4: =G4/C4 -> 0.59614508
A5: 2017 | B5: 1950 | C5: 14380 | D5: =B5/C5 -> 0.13560501 | E5: =GS_pc!J5/GS_pc!I5 -> 2.4515372 | F5: =E5*B5 -> 4780.4976 | G5: =F5+B5 -> 6730.4976 | H5: =G5/C5 -> 0.46804573
A6: 2018 | B6: 2176 | C6: 13968 | D6: =B6/C6 -> 0.15578465 | E6: =GS_pc!J6/GS_pc!I6 -> 2.5421889 | F6: =E6*B6 -> 5531.8031 | G6: =F6+B6 -> 7707.8031 | H6: =G6/C6 -> 0.55181867
A7: 2019 | B7: 2258 | C7: 14277 | D7: =B7/C7 -> 0.15815648 | E7: =GS_pc!J7/GS_pc!I7 -> 2.5825335 | F7: =E7*B7 -> 5831.3606 | G7: =F7+B7 -> 8089.3606 | H7: =G7/C7 -> 0.56660087
A8: 2020 | B8: 1622 | C8: 16513 | D8: =B8/C8 -> 0.09822564 | E8: =GS_pc!J8/GS_pc!I8 -> 3.0297563 | F8: =E8*B8 -> 4914.2647 | G8: =F8+B8 -> 6536.2647 | H8: =G8/C8 -> 0.39582539
A9: 2021 | B9: 4511 | C9: 18080 | D9: =B9/C9 -> 0.24950221 | E9: =GS_pc!J9/GS_pc!I9 -> 2.7747671 | F9: =E9*B9 -> 12516.974 | G9: =F9+B9 -> 17027.974 | H9: =G9/C9 -> 0.94181275
A10: 2022 | B10: 3144 | C10: 16464 | D10: =B10/C10 -> 0.1909621 | E10: =GS_pc!J10/GS_pc!I10 -> 2.785047 | F10: =E10*B10 -> 8756.1879 | G10: =F10+B10 -> 11900.188 | H10: =G10/C10 -> 0.72280053
A11: 2023 | B11: 1951 | C11: 14061 | D11: =B11/C11 -> 0.13875258 | E11: =GS_pc!J11/GS_pc!I11 -> 3.083461 | F11: =E11*B11 -> 6015.8324 | G11: =F11+B11 -> 7966.8324 | H11: =G11/C11 -> 0.56659074
A12: 2024 | B12: 1325 | H12: 0.56659074
A13: 2025 | B13: 1915
A14: 2026 | B14: 589

Sheet Desempleo
A1: Año | B1: Trimestre | C1: Tasa
A2: 2014 | B2: 1 | C2: 4.5
A3: 2014 | B3: 2 | C3: 4.8
A4: 2014 | B4: 3 | C4: 5.8
A5: 2014 | B5: 4 | C5: 4.6
A6: 2015 | B6: 1 | C6: 3.5
A7: 2015 | B7: 2 | C7: 3.7
A8: 2015 | B8: 3 | C8: 3.1
A9: 2016 | B9: 2 | C9: 4.4
A10: 2016 | B10: 3 | C10: 4.2
A11: 2016 | B11: 4 | C11: 3.2
A12: 2017 | B12: 1 | C12: 4.7
A13: 2017 | B13: 2 | C13: 3.7
... A43: 2024 | B43: 4 | C43: 4.8

Sheet Inflacion
A1: Año | B1: IPC Mendoza | C1: Inflación Mendoza | D1: Deflactor IPC | E1: Inflacion Argentina | F1: IPC Argentina | G1: Deflactor Argentina
A2: 2013 | B2: =B3/(1+E3/100) -> 197.19826
A3: 2014 | B3: 276.63558 | C3: =(B3/B2-1)*100 -> 40.282972 | D3: =$B$13/B3 -> 123.06186 | E3: 40.282972 | F3: =F4/(E4/100+1) -> 50.159094 | G3: =$F$13/F3 -> 125.95323
A4: 2015 | B4: 350.16529 | C4: =(B4/B3-1)*100 -> 26.579992 | D4: =$B$13/B4 -> 97.220629 | E4: 26.579992 | F4: =F5/(E5/100+1) -> 63.491378 | G4: =$F$13/F4 -> 99.50485
A5: 2016 | B5: 494.15109 | C5: =(B5/B4-1)*100 -> 41.11938 | D5: =$B$13/B5 -> 68.892472 | E5: 41.11938 | F5: =F6/(E6/100+1) -> 89.598638 | G5: =$F$13/F5 -> 70.511116
A6: 2017 | B6: 592.15705 | C6: =(B6/B5-1)*100 -> 19.833196 | D6: =$B$13/B6 -> 57.490307 | E6: 26.006379 | F6: 112.9 | G6: =$F$13/F6 -> 55.95837
A7: 2018 | B7: 815.97787 | C7: =(B7/B6-1)*100 -> 37.797545 | D7: =$B$13/B7 -> 41.72085 | E7: 42.033669 | F7: 151.6 | G7: =$F$13/F7 -> 41.673483
A8: 2019 | B8: 1259.9462 | C8: =(B8/B7-1)*100 -> 54.409363 | D8: =$B$13/B8 -> 27.019637 | E8: 49.195579 | F8: 232.8 | G8: =$F$13/F8 -> 27.137887
A9: 2020 | B9: 1788.6138 | C9: =(B9/B8-1)*100 -> 41.959531 | D9: =$B$13/B9 -> 19.033338 | E9: 40.083088 | F9: 330.5 | G9: =$F$13/F9 -> 19.115582
A10: 2021 | B10: 2670.7968 | C10: =(B10/B9-1)*100 -> 49.322165 | D10: =$B$13/B10 -> 12.746492 | E10: 53.802088 | F10: 490.6 | G10: =$F$13/F10 -> 12.877497
A11: 2022 | B11: 4658.9107 | C11: =(B11/B10-1)*100 -> 74.43898 | D11: =$B$13/B11 -> 7.3071352 | E11: 69.876084 | F11: 845.9 | G11: =$F$13/F11 -> 7.4686133
A12: 2023 | B12: 10879.69 | C12: =(B12/B11-1)*100 -> 133.52434 | D12: =$B$13/B12 -> 3.1290679 | E12: 135.36888 | F12: 1975 | G12: =$F$13/F12 -> 3.1988354
A13: 2024 | B13: 34043.29 | C13: =(B13/B12-1)*100 -> 212.90679 | D13: =$B$13/B13 -> 1 | E13: 207.92186 | F13: 6317.7 | G13: =$F$13/F13 -> 1

Sheet TRM
A1: Año | B1: TRM
A2: 2014 | B2: 8.1188161
A3: 2015 | B3: 9.268934
A4: 2016 | B4: 14.779439
A5: 2017 | B5: 16.566548
A6: 2018 | B6: 28.093719
A7: 2019 | B7: 48.242307
A8: 2020 | B8: 70.594146
A9: 2021 | B9: 95.161463
A10: 2022 | B10: 130.80888
A11: 2023 | B11: 295.21232
A12: 2024 | B12: 916.2543
A13: 2025 | B13: 1194.9727

Sheet Poblacion
A1: Año | B1: Total | C1: Pob_m5 | D1: Pob_M65 | E1: Pob_mujeres | F1: prop_m5 | G1: prop_M65 | H1: prop_muj
A2: 2014 | B2: 1863627.7 | C2: 168134.38 | D2: 202300.03 | E2: 948968.64 | F2: =C2/B2 -> 0.09021887 | G2: =D2/B2 -> 0.10855174 | H2: =E2/B2 -> 0.50920506
A3: 2015 | B3: 1885484 | C3: 169399.06 | D3: 207999.01 | E3: 959681.49 | F3: =C3/B3 -> 0.08984381 | G3: =D3/B3 -> 0.11031598 | H3: =E3/B3 -> 0.50898417
A4: 2016 | B4: 1907187.1 | C4: 170228.24 | D4: 213811.89 | E4: 970310.71 | F4: =C4/B4 -> 0.089256183 | G4: =D4/B4 -> 0.11210851 | H4: =E4/B4 -> 0.50876535
A5: 2017 | B5: 1928776.1 | C5: 170602.51 | D5: 219655.3 | E5: 980887.79 | F5: =C5/B5 -> 0.088451173 | G5: =D5/B5 -> 0.11388325 | H5: =E5/B5 -> 0.5085545
A6: 2018 | B6: 1950235.8 | C6: 170064.39 | D6: 225387.75 | E6: 991435.46 | F6: =C6/B6 -> 0.087201966 | G6: =D6/B6 -> 0.11556949 | H6: =E6/B6 -> 0.50836698
A7: 2019 | B7: 1971376.5 | C7: 167485.42 | D7: 230787.58 | E7: 1001913.8 | F7: =C7/B7 -> 0.084958616 | G7: =D7/B7 -> 0.11706925 | H7: =E7/B7 -> 0.50823055
A8: 2020 | B8: 1991671.9 | C8: 161262 | D8: 235569.53 | E8: 1012130.7 | F8: =C8/B8 -> 0.080968157 | G8: =D8/B8 -> 0.11827728 | H8: =E8/B8 -> 0.50818143
A9: 2021 | B9: 2010116.2 | C9: 150363.85 | D9: 239512.59 | E9: 1021630.2 | F9: =C9/B9 -> 0.074803561 | G9: =D9/B9 -> 0.11915361 | H9: =E9/B9 -> 0.50824437
A10: 2022 | B10: 2025292.4 | C10: 136268.75 | D10: 242778.91 | E10: 1029628.7 | F10: =C10/B10 -> 0.067283497 | G10: =D10/B10 -> 0.11987351 | H10: =E10/B10 -> 0.50838521
A11: 2023 | B11: 2036164.8 | C11: 123094.58 | D11: 246097.69 | E11: 1035369.6 | F11: =C11/B11 -> 0.060454137 | G11: =D11/B11 -> 0.12086335 | H11: =E11/B11 -> 0.50849008
A12: 2024 | B12: 2043506.7 | C12: 112741.96 | D12: 249889.7 | E12: 1039144.4 | F12: =C12/B12 -> 0.055170833 | G12: =D12/B12 -> 0.12228475 | H12: =E12/B12 -> 0.50851042

Sheet Instrumentos
A1: Año | B1: PBG minero | C1: PBG_minero_2024 | D1: PBG | E1: PBG_2024 | F1: PBG_pc | G1: PIB_Nacional | H1: PIB_2024 | I1: Pob_Nacional | J1: PIB_pc | K1: PBG agro | L1: Prop_PBGagro | M1: PBG defensa | N1: Prop_PBGdefensa | O1: Regalías energéticas | P1: Regalias_2024 | Q1: Coparticipación automática | R1: Coparticipacion_2024 | S1: Total recursos de origen nacional (real) | T1: Origenpc_2024 | U1: prop_PBG_PIB
A2: 2014 | B2: 16879259 | C2: =B2*Inflacion!D3 -> 2.0771931e+09 | D2: 1.4150445e+08 | E2: =D2*Inflacion!D3 -> 1.7413802e+10 | F2: =E2/Poblacion!B2 -> 9344.0346 | G2: 3843256.6 | H2: =G2*Inflacion!G3 -> 4.8407059e+08 | I2: 43024071 | J2: =H2/I2 -> 11.251157 | K2: 6627376.2 | L2: =K2/D2 -> 0.046835108 | M2: 10614927 | N2: =M2/D2 -> 0.075014791 | O2: 2177 | P2: =O2*Inflacion!D3 -> 267905.68 | Q2: 12356.91 | R2: =Q2/Poblacion!B2*Inflacion!D3 -> 0.81597005 | S2: 14209.78 | T2: =S2/Poblacion!B2*Inflacion!D3 -> 0.93832155 | U2: =F2*1000/(J2*1000000) -> 0.83049542
A3: 2015 | B3: 21250656 | C3: =B3*Inflacion!D4 -> 2.0660021e+09 | D3: 1.8271217e+08 | E3: =D3*Inflacion!D4 -> 1.7763392e+10 | F3: =E3/Poblacion!B3 -> 9421.1312 | G3: 5009211.1 | H3: =G3*Inflacion!G4 -> 4.9844079e+08 | I3: 43477012 | J3: =H3/I3 -> 11.464468 | K3: 6045325.1 | L3: =K3/D3 -> 0.033086604 | M3: 15742501 | N3: =M3/D3 -> 0.086160113 | O3: 2397 | P3: =O3*Inflacion!D4 -> 233037.85 | Q3: 16936.25 | R3: =Q3/Poblacion!B3*Inflacion!D4 -> 0.87327865 | S3: 19325.85 | T3: =S3/Poblacion!B3*Inflacion!D4 -> 0.99649286 | U3: =F3*1000/(J3*1000000) -> 0.82176788
A4: 2016 | B4: 32686940 | C4: =B4*Inflacion!D5 -> 2.2518841e+09 | D4: 2.3774375e+08 | E4: =D4*Inflacion!D5 -> 1.6378755e+10 | F4: =E4/Poblacion!B4 -> 8587.9119 | G4: 6947932.7 | H4: =G4*Inflacion!G5 -> 4.8990649e+08 | I4: 43900313 | J4: =H4/I4 -> 11.159522 | K4: 12025860 | L4: =K4/D4 -> 0.050583285 | M4: 19676645 | N4: =M4/D4 -> 0.082764091 | O4: 3360 | P4: =O4*Inflacion!D5 -> 231478.71 | Q4: 21833.04 | R4: =Q4/Poblacion!B4*Inflacion!D5 -> 0.7886652 | S4: 24771.87 | T4: =S4/Poblacion!B4*Inflacion!D5 -> 0.89482326 | U4: =F4*1000/(J4*1000000) -> 0.76955915
A5: 2017 | B5: 39913303 | C5: =B5*Inflacion!D6 -> 2.2946281e+09 | D5: 3.0665211e+08 | E5: =D5*Inflacion!D6 -> 1.7629524e+10 | F5: =E5/Poblacion!B5 -> 9140.2643 | G5: 8993361.4 | H5: =G5*Inflacion!G6 -> 5.0325385e+08 | I5: 44288894 | J5: =H5/I5 -> 11.362981 | K5: 15359421 | L5: =K5/D5 -> 0.050087448 | M5: 25129990 | N5: =M5/D5 -> 0.081949511 | O5: 3299 | P5: =O5*Inflacion!D6 -> 189660.52 | Q5: 29262.06 | R5: =Q5/Poblacion!B5*Inflacion!D6 -> 0.87220324 | S5: 33185.66 | T5: =S5/Poblacion!B5*Inflacion!D6 -> 0.98915251 | U5: =F5*1000/(J5*1000000) -> 0.80438967
A6: 2018 | B6: 61829353 | C6: =B6*Inflacion!D7 -> 2.5795731e+09 | D6: 4.3717484e+08 | E6: =D6*Inflacion!D7 -> 1.8239306e+10 | F6: =E6/Poblacion!B6 -> 9352.3594 | G6: 12478124 | H6: =G6*Inflacion!G7 -> 5.2000687e+08 | I6: 44654882 | J6: =H6/I6 -> 11.645017 | K6: 21746036 | L6: =K6/D6 -> 0.049742195 | M6: 29755374 | N6: =M6/D6 -> 0.06806287 | O6: 6337 | P6: =O6*Inflacion!D7 -> 264385.03 | Q6: 40980.16 | R6: =Q6/Poblacion!B6*Inflacion!D7 -> 0.87667714 | S6: 44789.05 | T6: =S6/Poblacion!B6*Inflacion!D7 -> 0.95815966 | U6: =F6*1000/(J6*1000000) -> 0.80312113
A7: 2019 | B7: 78557637 | C7: =B7*Inflacion!D8 -> 2.1225989e+09 | D7: 6.3392229e+08 | E7: =D7*Inflacion!D8 -> 1.712835e+10 | F7: =E7/Poblacion!B7 -> 8688.523 | G7: 18090816 | H7: =G7*Inflacion!G8 -> 4.9094651e+08 | I7: 44973465 | J7: =H7/I7 -> 10.91636 | K7: 36227841 | L7: =K7/D7 -> 0.05714871 | M7: 43799525 | N7: =M7/D7 -> 0.069092893 | O7: 7939 | P7: =O7*Inflacion!D8 -> 214508.9 | Q7: 60689.75 | R7: =Q7/Poblacion!B7*Inflacion!D8 -> 0.83181219 | S7: 63912.24 | T7: =S7/Poblacion!B7*Inflacion!D8 -> 0.87597956 | U7: =F7*1000/(J7*1000000) -> 0.79591763
A8: 2020 | B8: 60391485 | C8: =B8*Inflacion!D9 -> 1.1494515e+09 | D8: 7.406281e+08 | E8: =D8*Inflacion!D9 -> 1.4096625e+10 | F8: =E8/Poblacion!B8 -> 7077.7846 | G8: 22753874 | H8: =G8*Inflacion!G9 -> 4.3495356e+08 | I8: 45191965 | J8: =H8/I8 -> 9.6245774 | K8: 41655360 | L8: =K8/D8 -> 0.056243289 | M8: 53458205 | N8: =M8/D8 -> 0.072179553 | O8: 8072 | P8: =O8*Inflacion!D9 -> 153637.1 | Q8: 84645.88 | R8: =Q8/Poblacion!B8*Inflacion!D9 -> 0.80891518 | S8: 92505.24 | T8: =S8/Poblacion!B8*Inflacion!D9 -> 0.88402285 | U8: =F8*1000/(J8*1000000) -> 0.73538654
A9: 2021 | B9: 1.146902e+08 | C9: =B9*Inflacion!D10 -> 1.4618978e+09 | D9: 1.2149208e+09 | E9: =D9*Inflacion!D10 -> 1.5485978e+10 | F9: =E9/Poblacion!B9 -> 7704.0214 | G9: 38650606 | H9: =G9*Inflacion!G10 -> 4.9772307e+08 | I9: 45312281 | J9: =H9/I9 -> 10.984286 | K9: 85795005 | L9: =K9/D9 -> 0.070617778 | M9: 74950244 | N9: =M9/D9 -> 0.061691467 | O9: 12659 | P9: =O9*Inflacion!D10 -> 161357.84 | Q9: 137943.21 | R9: =Q9/Poblacion!B9*Inflacion!D10 -> 0.8747216 | S9: 146551.33 | T9: =S9/Poblacion!B9*Inflacion!D10 -> 0.92930717 | U9: =F9*1000/(J9*1000000) -> 0.7013675
A10: 2022 | B10: 2.2328608e+08 | C10: =B10*Inflacion!D11 -> 1.6315815e+09 | D10: 2.2436867e+09 | E10: =D10*Inflacion!D11 -> 1.6394922e+10 | F10: =E10/Poblacion!B10 -> 8095.089 | G10: 69715764 | H10: =G10*Inflacion!G11 -> 5.2068008e+08 | I10: 45407904 | J10: =H10/I10 -> 11.466728 | K10: 1.5802173e+08 | L10: =K10/D10 -> 0.070429499 | M10: 1.2531148e+08 | N10: =M10/D10 -> 0.055850703 | O10: 20146 | P10: =O10*Inflacion!D11 -> 147209.55 | Q10: 254749.71 | R10: =Q10/Poblacion!B10*Inflacion!D11 -> 0.91912189 | S10: 270053.51 | T10: =S10/Poblacion!B10*Inflacion!D11 -> 0.97433709 | U10: =F10*1000/(J10*1000000) -> 0.70596329
A11: 2023 | B11: 3.6600114e+08 | C11: =B11*Inflacion!D12 -> 1.1452424e+09 | D11: 5.1160361e+09 | E11: =D11*Inflacion!D12 -> 1.6008425e+10 | F11: =E11/Poblacion!B11 -> 7862.0478 | G11: 1.620425e+08 | H11: =G11*Inflacion!G12 -> 5.1834729e+08 | I11: 45538401 | J11: =H11/I11 -> 11.382641 | K11: 3.6312178e+08 | L11: =K11/D11 -> 0.070977173 | M11: 2.887816e+08 | N11: =M11/D11 -> 0.056446357 | O11: 47990 | P11: =O11*Inflacion!D12 -> 150163.97 | Q11: 562345.69 | R11: =Q11/Poblacion!B11*Inflacion!D12 -> 0.86418246 | S11: 600304.22 | T11: =S11/Poblacion!B11*Inflacion!D12 -> 0.92251507 | U11: =F11*1000/(J11*1000000) -> 0.69070503
A12: 2024 | B12: 1.0583573e+09 | C12: =B12*Inflacion!D13 -> 1.0583573e+09 | D12: 1.5387481e+10 | E12: =D12*Inflacion!D13 -> 1.5387481e+10 | F12: =E12/Poblacion!B12 -> 7529.9393 | G12: 4.8729604e+08 | H12: =G12*Inflacion!G13 -> 4.8729604e+08 | I12: 45696159 | J12: =H12/I12 -> 10.663829 | K12: 7.4361464e+08 | L12: =K12/D12 -> 0.04832595 | M12: 7.2460414e+08 | N12: =M12/D12 -> 0.047090498 | O12: 154486 | P12: =O12*Inflacion!D13 -> 154486 | Q12: 1647109.1 | R12: =Q12/Poblacion!B12*Inflacion!D13 -> 0.80602089 | S12: 1682815.8 | T12: =S12/Poblacion!B12*Inflacion!D13 -> 0.82349416 | U12: =F12*1000/(J12*1000000) -> 0.70611964
